market_id,question,end_date,prob_yes_market,prob_no_market,best_bid,best_ask,spread,last_trade_price,change_1d,change_1w,volume_24h,volume_total,liquidity,competitive,token_id_yes,accepting_orders,neg_risk,snapshot_at
540816,Russia-Ukraine Ceasefire before GTA VI?,2026-07-31 12:00:00+00:00,0.53,0.47,0.52,0.54,0.02,0.52,-0.005,-0.005,1928.3757190000001,1422512.4207789942,50359.805,0.9991008092716555,8501497159083948713316135768103773293754490207922884688769443031624417212426,True,False,2026-04-06T19:12:25.496315+00:00
540817,New Rihanna Album before GTA VI?,2026-07-31 12:00:00+00:00,0.565,0.435,0.56,0.57,0.01,0.57,-0.07,-0.04,3462.03589,684226.4392990026,31975.7593,0.9957927755234136,98022490269692409998126496127597032490334070080325855126491859374983463996227,True,False,2026-04-06T19:12:25.496315+00:00
540818,New Playboi Carti Album before GTA VI?,2026-07-31 12:00:00+00:00,0.525,0.475,0.52,0.53,0.01,0.53,-0.07,-0.06,1230.619413,717276.8804959971,29776.9797,0.9993753903810119,88275040060084773376557187972215267513049848642895776801789297917961077894224,True,False,2026-04-06T19:12:25.496315+00:00
540819,Will Jesus Christ return before GTA VI?,2026-07-31 12:00:00+00:00,0.485,0.515,0.48,0.49,0.01,0.48,,,32933.80638199997,10889980.828913996,844878.7454,0.9997750506136119,90435811253665578014957380826505992530054077692143838383981805324273750424057,True,False,2026-04-06T19:12:25.496315+00:00
540820,Trump out as President before GTA VI?,2026-07-31 12:00:00+00:00,0.525,0.475,0.52,0.53,0.01,0.52,,-0.01,2023.6005379999997,576426.9238770091,55014.3464,0.9993753903810119,108999723207897941876452935557011604067917389120996960199512481363958770540884,True,False,2026-04-06T19:12:25.496315+00:00
540843,Will China invades Taiwan before GTA VI?,2026-07-31 12:00:00+00:00,0.525,0.475,0.52,0.53,0.01,0.53,,0.01,25335.014439,1762039.1953430409,58962.5544,0.9993753903810119,21695138873211375451055566770107682325494206727818897067665810321709249824909,True,False,2026-04-06T19:12:25.496315+00:00
540844,Will bitcoin hit $1m before GTA VI?,2026-07-31 12:00:00+00:00,0.4875,0.5125,0.487,0.488,0.001,0.488,0.003,,47315.2340059998,3910806.651111593,425984.46768,0.9998437744102484,105267568073659068217311993901927962476298440625043565106676088842803600775810,True,False,2026-04-06T19:12:25.496315+00:00
540881,GTA VI released before June 2026?,2026-05-31 12:00:00+00:00,0.0135,0.9865,0.013,0.014,0.001,0.014,-0.001,-0.007,35349.443590999996,13224722.87137799,49522.29674,0.8086151475045429,8441400852834915183759801017793514978104486628517653995211751018945988243154,True,False,2026-04-06T19:12:25.496315+00:00
544092,Will Harvey Weinstein be sentenced to no prison time?,2025-12-31 12:00:00+00:00,0.3475,0.6525,0.346,0.349,0.003,0.346,0.05,0.0825,897.940819,308381.5714400006,3638.26001,0.9772723108214585,24327803960645909378149041810697343640752122608192367041827900158592826352552,True,True,2026-04-06T19:12:25.496315+00:00
544093,Will Harvey Weinstein be sentenced to less than 5 years in prison?,2025-12-31 12:00:00+00:00,0.0465,0.9535,0.042,0.051,0.009,0.051,-0.0375,-0.072,14979.69519,79959.50876500002,16904.49376,0.829419682004641,77166477669007661974218999697956080000161736671391584414287437514245884953047,True,True,2026-04-06T19:12:25.496315+00:00
544094,Will Harvey Weinstein be sentenced to between 5 and 10 years in prison?,2025-12-31 12:00:00+00:00,0.0725,0.9275,0.055,0.09,0.035,0.093,-0.0035,-0.0615,1107.718558,46101.025643999994,4609.75719,0.8454827442256171,8585617872562550075367684165842985213222082790621129799520234539666057750015,True,True,2026-04-06T19:12:25.496315+00:00
544095,Will Harvey Weinstein be sentenced to between 10 and 20 years in prison?,2025-12-31 12:00:00+00:00,0.184,0.816,0.172,0.196,0.024,0.186,-0.04,0.0355,388.577492,132501.5097770001,1704.0678,0.9092099329366753,15540133404064485946536607974212890170021691204987131841181394872998839987451,True,True,2026-04-06T19:12:25.496315+00:00
544096,Will Harvey Weinstein be sentenced to between 20 and 30 years in prison?,2025-12-31 12:00:00+00:00,0.237,0.763,0.214,0.26,0.046,0.242,-0.0085,0.019,450.6416489999999,162884.94909800033,3562.94638,0.9353058309771421,40689385937970031985272152180777653235879119412231903065658922913468759560353,True,True,2026-04-06T19:12:25.496315+00:00
544097,Will Harvey Weinstein be sentenced to more than 30 years in prison?,2025-12-31 12:00:00+00:00,0.0935,0.9065,0.072,0.115,0.043,0.114,-0.0045,0.0265,938.6390040000002,47874.117985000055,6044.81842,0.858190646623052,87036266705700330884624690101790543034325645582506946990660049003915176778714,True,True,2026-04-06T19:12:25.496315+00:00
553824,Will the Carolina Hurricanes win the 2026 NHL Stanley Cup?,2026-06-30 00:00:00+00:00,0.125,0.875,0.12,0.13,0.01,0.12,0.01,0.01,1717.963332,257942.27409000075,105244.9279,0.8767123287671234,79397003434468715775480922117285203652110865791390656395657957066470661722480,True,True,2026-04-06T19:12:25.496315+00:00
553826,Will the Edmonton Oilers win the 2026 NHL Stanley Cup?,2026-06-30 00:00:00+00:00,0.075,0.925,0.07,0.08,0.01,0.07,-0.01,0.02,450.842221,447143.8715080015,50734.951,0.8470089994706194,26994926807159308505531352241892510362185630293975165092400997815774500370214,True,True,2026-04-06T19:12:25.496315+00:00
553827,Will the Dallas Stars win the 2026 NHL Stanley Cup?,2026-06-30 00:00:00+00:00,0.08,0.92,0.078,0.082,0.004,0.082,-0.001,-0.0025,7020.392437000001,981945.0556509978,93328.5709,0.8500510030601836,17581551835670188629115760053820570516688258623733228909199148495084738589631,True,True,2026-04-06T19:12:25.496315+00:00
553828,Will the Colorado Avalanche win the 2026 NHL Stanley Cup?,2026-06-30 00:00:00+00:00,0.203,0.797,0.202,0.204,0.002,0.204,0.01,0.0035,9033.799693,13376931.36173308,106920.52353,0.9189411225233388,101738487887518832481587379955535423775326921556438741919099866785354159699479,True,True,2026-04-06T19:12:25.496315+00:00
553829,Will the Vegas Golden Knights win the 2026 NHL Stanley Cup?,2026-06-30 00:00:00+00:00,0.067,0.933,0.065,0.069,0.004,0.065,0.005,0.019,9964.630452,1330210.341405999,98432.44796,0.8421130637841698,68803485030073596962715540294172682212192134248970512695855620898253368033218,True,True,2026-04-06T19:12:25.496315+00:00
553830,Will the Tampa Bay Lightning win the 2026 NHL Stanley Cup?,2026-06-30 00:00:00+00:00,0.146,0.854,0.145,0.147,0.002,0.15,0.0045,0.0005,113723.60314,1434588.7145709852,81813.04089,0.8886392799889098,35573117698117780238142713946749692621043319879346349609080985768472429209643,True,True,2026-04-06T19:12:25.496315+00:00
553831,Will the Los Angeles Kings win the 2026 NHL Stanley Cup?,2026-06-30 00:00:00+00:00,0.008,0.992,0.006,0.01,0.004,0.01,-0.0015,0.001,4916.660453000002,6546669.501916941,144066.03348,0.8051114918393899,75497690502531380056390405612014900797768656980504946546336044296003833597355,True,True,2026-04-06T19:12:25.496315+00:00
553832,Will the New Jersey Devils win the 2026 NHL Stanley Cup?,2026-06-30 00:00:00+00:00,0.0005,0.9995,,0.001,0.001,0.001,-0.001,-0.0025,2889.167,1060358.3170480023,127709.81206,0.8003199679231757,83053136095375464518484635535538303979818736083252284786624282549893531568449,True,True,2026-04-06T19:12:25.496315+00:00
553833,Will the Winnipeg Jets win the 2026 NHL Stanley Cup?,2026-06-30 00:00:00+00:00,0.0035,0.9965,0.003,0.004,0.001,0.003,0.0005,-0.001,66.190166,861082.2977439986,123441.12094,0.8022384055993032,99302435322944813052105841164428761175935099146724842887228853211763294863784,True,True,2026-04-06T19:12:25.496315+00:00
553835,Will the Washington Capitals win the 2026 NHL Stanley Cup?,2026-06-30 00:00:00+00:00,0.0015,0.9985,0.001,0.002,0.001,0.002,-0.001,-0.0005,24942.915999999997,1112234.8497460014,155964.41983,0.8009597099244316,89607539467374084618016881443767018676837500055609025995679802231807669451541,True,True,2026-04-06T19:12:25.496315+00:00
553837,Will the Ottawa Senators win the 2026 NHL Stanley Cup?,2026-06-30 00:00:00+00:00,0.04,0.96,0.034,0.046,0.012,0.034,0.013,0.013,7969.044947,939074.1451379984,94267.00896,0.8253549026081215,52122163926965666340769912737036425235018536048643947600257470162508745804215,True,True,2026-04-06T19:12:25.496315+00:00
553838,Will the Minnesota Wild win the 2026 NHL Stanley Cup?,2026-06-30 00:00:00+00:00,0.0475,0.9525,0.044,0.051,0.007,0.051,-0.001,-0.001,8880.120185999998,8441055.917724986,117991.21039,0.8300434216464949,52393600221905688380980180540161090876971894580569515967716227210336633318551,True,True,2026-04-06T19:12:25.496315+00:00
553839,Will the Utah Mammoth win the 2026 NHL Stanley Cup?,2026-06-30 00:00:00+00:00,0.022,0.978,0.021,0.023,0.002,0.024,,-0.005,11362.957904,796179.5746229979,158066.75081,0.8140114156960937,77381084121703585434442737895792916741546405992903866299069398776973629407962,True,True,2026-04-06T19:12:25.496315+00:00
553840,Will the St. Louis Blues win the 2026 NHL Stanley Cup?,2026-06-30 00:00:00+00:00,0.0015,0.9985,0.001,0.002,0.001,0.002,,0.001,1287.152,1076897.9311450028,88359.96111,0.8009597099244316,95906133471794193454744901623691925557845709993144309634376654892470898743791,True,True,2026-04-06T19:12:25.496315+00:00
553842,Will the New York Islanders win the 2026 NHL Stanley Cup?,2026-06-30 00:00:00+00:00,0.0075,0.9925,0.007,0.008,0.001,0.007,-0.0005,-0.009,6073.508333,4244723.924589997,123862.45595,0.8047925395731582,100198467481990754389879542132900146141512359428605143337944632886324000145723,True,True,2026-04-06T19:12:25.496315+00:00
553843,Will the Philadelphia Flyers win the 2026 NHL Stanley Cup?,2026-06-30 00:00:00+00:00,0.0075,0.9925,0.007,0.008,0.001,0.007,0.003,0.005,13141.094175,965388.9966860027,104455.00412,0.8047925395731582,89876650777103845660381011502618435196005005316371719080379226306122186643898,True,True,2026-04-06T19:12:25.496315+00:00
553844,Will the Columbus Blue Jackets win the 2026 NHL Stanley Cup?,2026-06-30 00:00:00+00:00,0.01,0.99,0.009,0.011,0.002,0.011,,-0.0145,3884.221336,813808.6918239995,88497.67266,0.8063865817272801,6772099324721707224715070437205709623671146843087680984461675764599992554029,True,True,2026-04-06T19:12:25.496315+00:00
553845,Will the Calgary Flames win the 2026 NHL Stanley Cup?,2026-06-30 00:00:00+00:00,0.0005,0.9995,,0.001,0.001,0.001,,,1017.4,1181997.218034003,130176.38914,0.8003199679231757,54811975275387163364864047298373893386525828579003336506827163723659384966681,True,True,2026-04-06T19:12:25.496315+00:00
553846,Will the Nashville Predators win the 2026 NHL Stanley Cup?,2026-06-30 00:00:00+00:00,0.0025,0.9975,0.002,0.003,0.001,0.003,-0.001,,957.7425000000001,1757783.0762540023,108493.16106,0.8015991903848178,98049742009801855771548452791429416975406795240797895877767309269050997573962,True,True,2026-04-06T19:12:25.496315+00:00
553847,Will the Detroit Red Wings win the 2026 NHL Stanley Cup?,2026-06-30 00:00:00+00:00,0.0035,0.9965,0.003,0.004,0.001,0.004,-0.0005,-0.004,1101.014332,798980.3125430016,140168.01573,0.8022384055993032,105820657025478857015993206354412568572835231572443865502882842764049428172501,True,True,2026-04-06T19:12:25.496315+00:00
553848,Will the Anaheim Ducks win the 2026 NHL Stanley Cup?,2026-06-30 00:00:00+00:00,0.022,0.978,0.02,0.024,0.004,0.024,0.005,-0.006,6200.168768999998,786171.8099709994,174868.21191,0.8140114156960937,1755198236548058730692725634969806667163093356894670716555961840777456036471,True,True,2026-04-06T19:12:25.496315+00:00
553849,Will the Montreal Canadiens win the 2026 NHL Stanley Cup?,2026-06-30 00:00:00+00:00,0.0395,0.9605,0.038,0.041,0.003,0.041,-0.018,0.0025,5194.080249,1190754.590450001,102877.45571,0.8250414944306605,114248353339288476395516704859280406139740194553592209059241667781908210476009,True,True,2026-04-06T19:12:25.496315+00:00
553850,Will the Boston Bruins win the 2026 NHL Stanley Cup?,2026-06-30 00:00:00+00:00,0.0185,0.9815,0.017,0.02,0.003,0.02,0.002,-0.0045,7447.096354,961880.0296939986,153102.69909,0.8117922566789701,96156230578747105661476819749931380321917772151891667564189808442987244872145,True,True,2026-04-06T19:12:25.496315+00:00
553851,Will the Buffalo Sabres win the 2026 NHL Stanley Cup?,2026-06-30 00:00:00+00:00,0.045,0.955,0.043,0.047,0.004,0.048,-0.0035,-0.008,15935.045473,2805390.5204569953,112270.97532,0.8284832542822228,86989765000750155883097827320609652927052275812009422751609183177638176999827,True,True,2026-04-06T19:12:25.496315+00:00
553852,Will the Pittsburgh Penguins win the 2026 NHL Stanley Cup?,2026-06-30 00:00:00+00:00,0.0375,0.9625,0.035,0.04,0.005,0.042,-0.0095,0.0095,3618.412993000001,1040254.6252909991,116841.13646,0.8237868451538164,8851645587670338204652278122922654341568030658294043049798551516787478126093,True,True,2026-04-06T19:12:25.496315+00:00
553853,Will the Seattle Kraken win the 2026 NHL Stanley Cup?,2026-06-30 00:00:00+00:00,0.0035,0.9965,0.003,0.004,0.001,0.004,,-0.0005,3610.4606659999995,967988.0169589991,198101.87589,0.8022384055993032,93578935246439858671952440209676574631482293371193006735950832216315542606620,True,True,2026-04-06T19:12:25.496315+00:00
553855,Will the San Jose Sharks win the 2026 NHL Stanley Cup?,2026-06-30 00:00:00+00:00,0.006,0.994,0.005,0.007,0.002,0.007,-0.001,0.0025,1974.2583969999998,816633.2618379991,119113.7591,0.8038352587867232,84105030255296194000685400984047343200505768293107751790364245140894647606509,True,True,2026-04-06T19:12:25.496315+00:00
553856,Will the Oklahoma City Thunder win the 2026 NBA Finals?,2026-07-01 00:00:00+00:00,0.385,0.615,0.38,0.39,0.01,0.39,,0.01,28051.257697,6028201.832547902,243541.3273,0.9869476177551876,49500299856831034491021962156746701298730459370557900271970866855042624695770,True,True,2026-04-06T19:12:25.496315+00:00
553857,Will the Cleveland Cavaliers win the 2026 NBA Finals?,2026-07-01 00:00:00+00:00,0.048,0.952,0.047,0.049,0.002,0.047,-0.0005,,28375.789012999998,4993805.838915971,308343.89376,0.8303551262804076,21929863894047830651599085392978377118642353711084157807549430066031384497667,True,True,2026-04-06T19:12:25.496315+00:00
553858,Will the New York Knicks win the 2026 NBA Finals?,2026-07-01 00:00:00+00:00,0.0415,0.9585,0.041,0.042,0.001,0.041,,-0.002,23621.34319799999,4175604.1878489414,385215.51537,0.8262945091283853,20257190540739490630509657713144742134547949967093643458458133445357169845406,True,True,2026-04-06T19:12:25.496315+00:00
553859,Will the Minnesota Timberwolves win the 2026 NBA Finals?,2026-07-01 00:00:00+00:00,0.0215,0.9785,0.021,0.022,0.001,0.022,0.001,0.003,50218.637855000015,5282786.762518929,260238.36865,0.8136946435905578,5771676627182954113677164857547228277089396639521594262964034606220001939923,True,True,2026-04-06T19:12:25.496315+00:00
553860,Will the Houston Rockets win the 2026 NBA Finals?,2026-07-01 00:00:00+00:00,0.0165,0.9835,0.016,0.017,0.001,0.016,0.001,0.001,38313.976894,3941510.476082967,269602.34769,0.8105223634264752,50705248713323657762767401378286601907820885259053704401453562452183494476631,True,True,2026-04-06T19:12:25.496315+00:00
553862,Will the Boston Celtics win the 2026 NBA Finals?,2026-07-01 00:00:00+00:00,0.1195,0.8805,0.119,0.12,0.001,0.119,-0.001,0.006,44509.944874999994,5877046.5631250795,204367.82378,0.873530094531243,98951343420969493497594761179562691809954416596888138302255086663562042936451,True,True,2026-04-06T19:12:25.496315+00:00
553863,Will the Los Angeles Lakers win the 2026 NBA Finals?,2026-07-01 00:00:00+00:00,0.013,0.987,0.012,0.014,0.002,0.013,0.0005,-0.0255,374088.2267520001,8263346.497247031,377927.83758,0.8082970071186717,86297520870744792204751483474339201341298076835836561764334428915355504860913,True,True,2026-04-06T19:12:25.496315+00:00
553864,Will the Orlando Magic win the 2026 NBA Finals?,2026-07-01 00:00:00+00:00,0.0035,0.9965,0.003,0.004,0.001,0.003,,-0.001,42731.19229800002,8382668.582517023,520813.74525,0.8022384055993032,95140346952277551620015228752585531762813913098320669805735291271863965388665,True,True,2026-04-06T19:12:25.496315+00:00
553865,Will the Denver Nuggets win the 2026 NBA Finals?,2026-07-01 00:00:00+00:00,0.095,0.905,0.09,0.1,0.01,0.09,0.005,0.01,31541.542401999995,3624110.421661989,159188.3648,0.8590880780051975,56814725870179920615881424393027028330166672775619196396436430486653645555698,True,True,2026-04-06T19:12:25.496315+00:00
553866,Will the San Antonio Spurs win the 2026 NBA Finals?,2026-07-01 00:00:00+00:00,0.1625,0.8375,0.162,0.163,0.001,0.163,-0.0135,-0.0115,801144.0092009997,11997466.585169872,199120.81255,0.8977416187403563,102227184035967850089766981958743064457339118173548431660886438726896222843254,True,True,2026-04-06T19:12:25.496315+00:00
553867,Will the Golden State Warriors win the 2026 NBA Finals?,2026-07-01 00:00:00+00:00,0.0025,0.9975,0.002,0.003,0.001,0.002,,-0.001,237005.6899990003,10274368.889016857,1383433.80401,0.8015991903848178,24562451406833903239172268319519891863383297300349256425313284172658771272863,True,True,2026-04-06T19:12:25.496315+00:00
553868,Will the Los Angeles Clippers win the 2026 NBA Finals?,2026-07-01 00:00:00+00:00,0.0075,0.9925,0.007,0.008,0.001,0.007,0.0015,-0.011,74839.24732,13483491.64513196,144225.45867,0.8047925395731582,80136419076132148090526858778468252473966514781048966836641001333641477735657,True,True,2026-04-06T19:12:25.496315+00:00
553869,Will the Philadelphia 76ers win the 2026 NBA Finals?,2026-07-01 00:00:00+00:00,0.0075,0.9925,0.007,0.008,0.001,0.007,,-0.0015,37662.039985999996,7209617.655473958,354054.10532,0.8047925395731582,5644679982684846699855787022092402984369447277920326773883608030240292167917,True,True,2026-04-06T19:12:25.496315+00:00
553871,Will the Detroit Pistons win the 2026 NBA Finals?,2026-07-01 00:00:00+00:00,0.0515,0.9485,0.051,0.052,0.001,0.051,0.003,0.017,63622.008576999986,6392369.303293001,326616.96198,0.8325339273185393,59742411602053785892348440048778056320272639465974092140970920277782290781360,True,True,2026-04-06T19:12:25.496315+00:00
553873,Will the Miami Heat win the 2026 NBA Finals?,2026-07-01 00:00:00+00:00,0.0055,0.9945,0.005,0.006,0.001,0.005,,-0.0005,34702.59659999998,10650147.634107925,395535.10632,0.8035160254240507,37553153998693380670857208408425399740373310817860780263908431095180775476801,True,True,2026-04-06T19:12:25.496315+00:00
553876,Will the Toronto Raptors win the 2026 NBA Finals?,2026-07-01 00:00:00+00:00,0.0045,0.9955,0.004,0.005,0.001,0.004,,-0.001,208665.42324999988,11513535.678476945,411662.94988,0.8028773518535728,111039354521750894925304771773687530394455073318948424656845140321925374032772,True,True,2026-04-06T19:12:25.496315+00:00
553877,Will the Phoenix Suns win the 2026 NBA Finals?,2026-07-01 00:00:00+00:00,0.0045,0.9955,0.004,0.005,0.001,0.004,-0.0005,-0.002,39288.91090000002,11383860.200712012,509535.06986,0.8028773518535728,106572879185916710503631021854572801471104977091252507745096331167318654083650,True,True,2026-04-06T19:12:25.496315+00:00
553879,Will the Portland Trail Blazers win the 2026 NBA Finals?,2026-07-01 00:00:00+00:00,0.0025,0.9975,0.002,0.003,0.001,0.002,,-0.001,162326.4731659998,17517097.627430625,1248881.16069,0.8015991903848178,82402823484466457361170410951601106261368113664328436062375970009969959380598,True,True,2026-04-06T19:12:25.496315+00:00
553881,Will the Atlanta Hawks win the 2026 NBA Finals?,2026-07-01 00:00:00+00:00,0.0085,0.9915,0.008,0.009,0.001,0.008,0.0005,0.002,50169.33019400001,15214017.674146818,281604.74293,0.8054303726585385,46018378684967856456278619377189791752501136727354913341087475972513992392267,True,True,2026-04-06T19:12:25.496315+00:00
553882,Will the Charlotte Hornets win the 2026 NBA Finals?,2026-07-01 00:00:00+00:00,0.012,0.988,0.011,0.013,0.002,0.011,0.0015,0.0035,443632.80236699985,31717320.398521323,334978.49355,0.807660498294221,56958503032603479474712760211473691965846495282533669255954105717594026846100,True,True,2026-04-06T19:12:25.496315+00:00
556062,MegaETH market cap (FDV) >$2B one day after launch?,2025-12-31 00:00:00+00:00,0.105,0.895,0.1,0.11,0.01,0.11,,-0.01,14753.921337000002,5793030.584041084,89915.9476,0.865033195648883,57301498276970257025109591078431189727442302532145853906375186182281603517458,True,False,2026-04-06T19:12:25.496315+00:00
556063,MegaETH market cap (FDV) >$6B one day after launch?,2026-06-30 00:00:00+00:00,0.021,0.979,0.02,0.022,0.002,0.02,0.001,-0.0095,11245.089249999997,2331095.2648850176,60497.38692,0.8133777871406599,78059086946243166298250434231742381590921423205138738331803802527161013528631,True,False,2026-04-06T19:12:25.496315+00:00
556108,Will MegaETH perform an airdrop by June 30? ,2026-02-01 05:00:00+00:00,0.426,0.574,0.407,0.445,0.038,0.409,-0.01,-0.0205,4108.797125,1023028.9057970012,11033.90717,0.9945538232638074,96797656031191119176188453471637044475353637081608890153571023284371119486681,True,False,2026-04-06T19:12:25.496315+00:00
558934,Will Spain win the 2026 FIFA World Cup?,2026-07-20 00:00:00+00:00,0.1595,0.8405,0.159,0.16,0.001,0.16,,0.0025,233283.82821999997,9373571.369445072,865097.21863,0.8961053246354364,4394372887385518214471608448209527405727552777602031099972143344338178308080,True,True,2026-04-06T19:12:25.496315+00:00
558935,Will England win the 2026 FIFA World Cup?,2026-07-20 00:00:00+00:00,0.1135,0.8865,0.113,0.114,0.001,0.114,0.001,-0.014,256462.426609,9094615.764777947,1363825.56061,0.8700325761947342,115556263888245616435851357148058235707004733438163639091106356867234218207169,True,True,2026-04-06T19:12:25.496315+00:00
558936,Will France win the 2026 FIFA World Cup?,2026-07-20 00:00:00+00:00,0.1355,0.8645,0.135,0.136,0.001,0.136,0.0005,0.017,572976.8664930001,8112806.613232941,937996.28363,0.8827214124601865,108233603819467706476318984012158651931658302669301887462181073562758483842092,True,True,2026-04-06T19:12:25.496315+00:00
558937,Will Brazil win the 2026 FIFA World Cup?,2026-07-20 00:00:00+00:00,0.0855,0.9145,0.085,0.086,0.001,0.086,,,127505.6893679995,8642345.661957983,895009.45213,0.8533804854497561,27576533317283401577758999384642760405921738493660383550832555714312627457443,True,True,2026-04-06T19:12:25.496315+00:00
558938,Will Argentina win the 2026 FIFA World Cup?,2026-07-20 00:00:00+00:00,0.0915,0.9085,0.091,0.092,0.001,0.092,,-0.0045,110731.37800300005,8691176.799398953,993097.11697,0.856991842937391,18812649149814341758733697580460697418474693998558159483117100240528657629879,True,True,2026-04-06T19:12:25.496315+00:00
558939,Will Germany win the 2026 FIFA World Cup?,2026-07-20 00:00:00+00:00,0.0545,0.9455,0.054,0.055,0.001,0.054,,0.001,35766.283316999994,7773717.84117742,1050652.68322,0.8343970156956337,81739002353269632749850710185641576213562066971072676369728657545679630163887,True,True,2026-04-06T19:12:25.496315+00:00
558940,Will Portugal win the 2026 FIFA World Cup?,2026-07-20 00:00:00+00:00,0.0705,0.9295,0.07,0.071,0.001,0.071,0.001,0.003,109823.40419700001,9384705.38744568,453271.56944,0.8442592796231058,45415751658241142530386585138386640503488308219341470020075667342738719018629,True,True,2026-04-06T19:12:25.496315+00:00
558941,Will Netherlands win the 2026 FIFA World Cup?,2026-07-20 00:00:00+00:00,0.0335,0.9665,0.033,0.034,0.001,0.034,,,181501.828002,9993253.034827072,490234.8311,0.8212727715841264,55935183786009449883683540312350046975246300613283087403691731856990327029236,True,True,2026-04-06T19:12:25.496315+00:00
558943,Will USA win the 2026 FIFA World Cup?,2026-07-20 00:00:00+00:00,0.0145,0.9855,0.014,0.015,0.001,0.015,,-0.002,288607.827147,6218754.9923638385,1446569.5369,0.8092511978435074,94603648636330087039501304492699481091005420017442244191603206509188088089447,True,True,2026-04-06T19:12:25.496315+00:00
558944,Will Uruguay win the 2026 FIFA World Cup?,2026-07-20 00:00:00+00:00,0.0115,0.9885,0.011,0.012,0.001,0.012,,-0.002,32592.070159000006,8757609.806325978,1606313.14016,0.8073421308059757,97239126062673310243763617236644392945530356142765650402171508075574679292913,True,True,2026-04-06T19:12:25.496315+00:00
558945,Will Mexico win the 2026 FIFA World Cup?,2026-07-20 00:00:00+00:00,0.0115,0.9885,0.011,0.012,0.001,0.012,,,54659.65208199999,7504727.816513222,822175.76616,0.8073421308059757,22587775301869146748237913050505932485648958481571808324285560650057390882036,True,True,2026-04-06T19:12:25.496315+00:00
558946,Will Belgium win the 2026 FIFA World Cup?,2026-07-20 00:00:00+00:00,0.0195,0.9805,0.019,0.02,0.001,0.02,,,41817.48528599999,8395385.739544112,767881.38984,0.8124267165713318,30815807067456631524510535002617106205417832891402132396713720656146245200000,True,True,2026-04-06T19:12:25.496315+00:00
558947,Will Colombia win the 2026 FIFA World Cup?,2026-07-20 00:00:00+00:00,0.0165,0.9835,0.016,0.017,0.001,0.017,0.001,,1174818.778001,8853689.337743808,939642.28817,0.8105223634264752,98803390175521456712653678280474920637934596234667490983228578374641217211132,True,True,2026-04-06T19:12:25.496315+00:00
558949,Will Japan win the 2026 FIFA World Cup?,2026-07-20 00:00:00+00:00,0.02,0.98,0.019,0.021,0.002,0.02,-0.0025,0.0055,361317.46730300004,11168866.069727996,337501.81553,0.8127438231469442,19159976531313550247579355752030367100657092033093647047491459813592996250034,True,True,2026-04-06T19:12:25.496315+00:00
558951,Will Norway win the 2026 FIFA World Cup?,2026-07-20 00:00:00+00:00,0.0285,0.9715,0.028,0.029,0.001,0.027,0.001,-0.002,451347.15094900015,9267104.79502818,779197.77777,0.8181215560917433,60447443643099453130956385288904175887233107411078568881602330835010340506057,True,True,2026-04-06T19:12:25.496315+00:00
558952,Will Canada win the 2026 FIFA World Cup?,2026-07-20 00:00:00+00:00,0.0055,0.9945,0.005,0.006,0.001,0.005,,,229328.946398,12420225.786231918,1934345.78391,0.8035160254240507,99303605181956827630838461879484468077121754034387765735989859308848389894408,True,True,2026-04-06T19:12:25.496315+00:00
558954,Will Tunisia win the 2026 FIFA World Cup?,2026-07-20 00:00:00+00:00,0.0035,0.9965,0.003,0.004,0.001,0.003,,,130502.7802059998,12271837.662300248,2554755.90047,0.8022384055993032,86035858416252385053603758548087253570549129844230230783932738372075949702177,True,True,2026-04-06T19:12:25.496315+00:00
558955,Will Ecuador win the 2026 FIFA World Cup?,2026-07-20 00:00:00+00:00,0.0085,0.9915,0.008,0.009,0.001,0.009,,,706483.48133,10224636.328365842,1493749.02752,0.8054303726585385,39971087496427056640429359043364261029374524049464674733142166279730655826181,True,True,2026-04-06T19:12:25.496315+00:00
558956,Will Paraguay win the 2026 FIFA World Cup?,2026-07-20 00:00:00+00:00,0.0045,0.9955,0.004,0.005,0.001,0.005,,,178541.52200000014,12914112.323694319,2180566.31374,0.8028773518535728,93165696161088512376930999170413968261015485018106746563527821398897374023845,True,True,2026-04-06T19:12:25.496315+00:00
558957,Will New Zealand win the 2026 FIFA World Cup?,2026-07-20 00:00:00+00:00,0.0025,0.9975,0.002,0.003,0.001,0.003,,0.001,138666.76700000008,18279726.95217326,2066943.25747,0.8015991903848178,79609298644734030886284029462369514848707878622071495577618126141372199748974,True,True,2026-04-06T19:12:25.496315+00:00
558958,Will Australia win the 2026 FIFA World Cup?,2026-07-20 00:00:00+00:00,0.0025,0.9975,0.002,0.003,0.001,0.003,,-0.002,170513.10099899993,10544845.810083048,2352283.36721,0.8015991903848178,43661509251351142169227141691164122649250455115438867334436875294380701133091,True,True,2026-04-06T19:12:25.496315+00:00
558959,Will Iran win the 2026 FIFA World Cup?,2026-07-20 00:00:00+00:00,0.0025,0.9975,0.002,0.003,0.001,0.002,,,152010.55982900003,12549769.518480027,2241692.44013,0.8015991903848178,33747305042007778221968790541070114008811587676172030120559423448386310500957,True,True,2026-04-06T19:12:25.496315+00:00
558960,Will Uzbekistan win the 2026 FIFA World Cup?,2026-07-20 00:00:00+00:00,0.0025,0.9975,0.002,0.003,0.001,0.003,,0.001,150126.07933200014,28742013.569028195,1932948.72521,0.8015991903848178,90538013438399246674125939147272424357773921253199632436930218305581040235987,True,True,2026-04-06T19:12:25.496315+00:00
558961,Will South Korea win the 2026 FIFA World Cup?,2026-07-20 00:00:00+00:00,0.0045,0.9955,0.004,0.005,0.001,0.005,,,231876.98974999983,14891588.081622146,1976787.68088,0.8028773518535728,80724786407275266937534613008558715581084712230616856739273522348302669402554,True,True,2026-04-06T19:12:25.496315+00:00
558962,Will Jordan win the 2026 FIFA World Cup?,2026-07-20 00:00:00+00:00,0.0025,0.9975,0.002,0.003,0.001,0.002,,,160819.244833,17559480.590083648,2712876.54375,0.8015991903848178,98686749402500678753487703372528277029342097490180026723487433517076969282825,True,True,2026-04-06T19:12:25.496315+00:00
558963,Will Morocco win the 2026 FIFA World Cup?,2026-07-20 00:00:00+00:00,0.0165,0.9835,0.016,0.017,0.001,0.016,,0.001,266068.089335,10389220.538970063,450353.26303,0.8105223634264752,69910730841487615802736046038473620030754616421912831175284551372639933569112,True,True,2026-04-06T19:12:25.496315+00:00
558964,Will South Africa win the 2026 FIFA World Cup?,2026-07-20 00:00:00+00:00,0.0025,0.9975,0.002,0.003,0.001,0.002,,,168212.00399999996,20624605.108097766,2563757.15493,0.8015991903848178,29544965695734183971376022965555206180154533479443150154863135205600734339980,True,True,2026-04-06T19:12:25.496315+00:00
558965,Will Senegal win the 2026 FIFA World Cup?,2026-07-20 00:00:00+00:00,0.0075,0.9925,0.007,0.008,0.001,0.007,,,34459.677696000006,9130171.701058418,1330745.96985,0.8047925395731582,32169302633723235235251659810064817019484855501133685217130365128535248672349,True,True,2026-04-06T19:12:25.496315+00:00
558966,Will Ivory Coast win the 2026 FIFA World Cup?,2026-07-20 00:00:00+00:00,0.0045,0.9955,0.004,0.005,0.001,0.004,,,134438.35125,10194137.643314743,2753399.26525,0.8028773518535728,58374167250364215964582274356498746399676421878376948523944979542572589542202,True,True,2026-04-06T19:12:25.496315+00:00
558967,Will Ghana win the 2026 FIFA World Cup?,2026-07-20 00:00:00+00:00,0.0035,0.9965,0.003,0.004,0.001,0.003,,,156822.52586199986,11558572.460814802,2882377.88066,0.8022384055993032,43907673646206657865778036957293730446366626078011238443367990170655175896145,True,True,2026-04-06T19:12:25.496315+00:00
558968,Will Egypt win the 2026 FIFA World Cup?,2026-07-20 00:00:00+00:00,0.0035,0.9965,0.003,0.004,0.001,0.003,,,176768.652884,12112465.835842265,2337310.6265,0.8022384055993032,30499731947464516579580181356221397335865912996104577000510883912653418218808,True,True,2026-04-06T19:12:25.496315+00:00
558969,Will Algeria win the 2026 FIFA World Cup?,2026-07-20 00:00:00+00:00,0.0035,0.9965,0.003,0.004,0.001,0.004,,,191943.38455199992,12546377.710363835,1750306.14149,0.8022384055993032,58392024727359233794992635293106675983094683080284912908526627785964160484939,True,True,2026-04-06T19:12:25.496315+00:00
558970,Will Cape Verde win the 2026 FIFA World Cup?,2026-07-20 00:00:00+00:00,0.0025,0.9975,0.002,0.003,0.001,0.003,,,153709.84549999997,11545914.692806162,2522649.19527,0.8015991903848178,61595193871140044336898809781418183952441527621084596848414908595268863899573,True,True,2026-04-06T19:12:25.496315+00:00
558971,Will Qatar win the 2026 FIFA World Cup?,2026-07-20 00:00:00+00:00,0.0025,0.9975,0.002,0.003,0.001,0.003,,,162172.137833,14558945.084027834,2066686.06218,0.8015991903848178,18605216520960122093689427575806651607517827372535894526532079999408408169156,True,True,2026-04-06T19:12:25.496315+00:00
558972,Will Saudi Arabia win the 2026 FIFA World Cup?,2026-07-20 00:00:00+00:00,0.0035,0.9965,0.003,0.004,0.001,0.003,,,161793.3098850001,18645136.95863845,2052043.57445,0.8022384055993032,23542782083949026234898323432000742558288032327930681121040136746492993951914,True,True,2026-04-06T19:12:25.496315+00:00
558973,Will Scotland win the 2026 FIFA World Cup?,2026-07-20 00:00:00+00:00,0.0045,0.9955,0.004,0.005,0.001,0.005,,0.001,178530.16299999997,13145624.775722034,1967030.48181,0.8028773518535728,105252206997885252352889070218074909957179496257006510170583432513037465278006,True,True,2026-04-06T19:12:25.496315+00:00
558974,Will Switzerland win the 2026 FIFA World Cup?,2026-07-20 00:00:00+00:00,0.0105,0.9895,0.01,0.011,0.001,0.011,,0.002,70958.57957900001,9264698.381885385,945594.16221,0.8067051720490372,62131913648515148266463816694306031394539656598501514114816028349608560215534,True,True,2026-04-06T19:12:25.496315+00:00
558975,Will Austria win the 2026 FIFA World Cup?,2026-07-20 00:00:00+00:00,0.0055,0.9945,0.005,0.006,0.001,0.005,,,66665.438664,11344092.245530251,1690591.45671,0.8035160254240507,88168215299416146215691671077998911754346458567817860712850392736799004561327,True,True,2026-04-06T19:12:25.496315+00:00
558976,Will Croatia win the 2026 FIFA World Cup?,2026-07-20 00:00:00+00:00,0.0115,0.9885,0.011,0.012,0.001,0.012,,,80221.14262800003,8522173.506433995,1066913.51959,0.8073421308059757,106593539437032467615148553707998472829334050617128244920821917025746481184109,True,True,2026-04-06T19:12:25.496315+00:00
558977,Will Haiti win the 2026 FIFA World Cup?,2026-07-20 00:00:00+00:00,0.0025,0.9975,0.002,0.003,0.001,0.002,,,172618.1503329998,13557595.804488126,2918171.2258,0.8015991903848178,113379015922744700109400673843380371641970914885846970213129353605968934558386,True,True,2026-04-06T19:12:25.496315+00:00
558978,Will Curaçao win the 2026 FIFA World Cup?,2026-07-20 00:00:00+00:00,0.0025,0.9975,0.002,0.003,0.001,0.002,,0.001,180289.5996659999,25617488.383599028,2342721.24055,0.8015991903848178,69020832226510184384177497367584971770730339593583713190288186699694495509961,True,True,2026-04-06T19:12:25.496315+00:00
558979,Will Panama win the 2026 FIFA World Cup?,2026-07-20 00:00:00+00:00,0.0025,0.9975,0.002,0.003,0.001,0.002,,,123808.0244999999,2111743.1368310032,2759830.56535,0.8015991903848178,112181485529919660901332188537214992263355343785744498550605179448744432717486,True,True,2026-04-06T19:12:25.496315+00:00
558980,Will Sweden win the 2026 FIFA World Cup?,2026-07-20 00:00:00+00:00,0.0065,0.9935,0.006,0.007,0.001,0.006,,,31540.623824000006,971055.0233139993,2183169.59004,0.8041544225779221,41004484905556820430171783088292854654441952667499527125436634397522798168110,True,True,2026-04-06T19:12:25.496315+00:00
558981,Will Congo DR win the 2026 FIFA World Cup?,2026-07-20 00:00:00+00:00,0.0025,0.9975,0.002,0.003,0.001,0.003,,,213289.92066899998,2668538.505999999,2536947.04246,0.8015991903848178,87403333427856945144645806003352057704193778078820484282942507058200689996202,True,True,2026-04-06T19:12:25.496315+00:00
558982,Will Iraq win the 2026 FIFA World Cup?,2026-07-20 00:00:00+00:00,0.0025,0.9975,0.002,0.003,0.001,0.002,,,120696.66116599987,2742568.520664985,2645202.7436,0.8015991903848178,53465512181802150755993130711224070738002100921790051090044528012833736167995,True,True,2026-04-06T19:12:25.496315+00:00
558983,Will Bosnia-Herzegovina win the 2026 FIFA World Cup?,2026-07-20 00:00:00+00:00,0.0045,0.9955,0.004,0.005,0.001,0.004,,,199740.296,1334621.7986650004,2661031.36379,0.8028773518535728,89770121993255619705119104591644526712193505786928967250693522950895615785005,True,True,2026-04-06T19:12:25.496315+00:00
558984,Will Cezchia win the 2026 FIFA World Cup?,2026-07-20 00:00:00+00:00,0.0035,0.9965,0.003,0.004,0.001,0.003,,,135544.208204,645199.7937020024,2664467.56151,0.8022384055993032,35797818400757287472708740881657961304270157125643131597907636474183210188025,True,True,2026-04-06T19:12:25.496315+00:00
558985,Will Turkiye win the 2026 FIFA World Cup?,2026-07-20 00:00:00+00:00,0.0075,0.9925,0.007,0.008,0.001,0.008,,,163146.052991,1326139.4919479997,2003318.60036,0.8047925395731582,18704778540677036028551740861729937822696511439974613107767625408338509619395,True,True,2026-04-06T19:12:25.496315+00:00
559651,Xi Jinping out before 2027?,2026-12-31 00:00:00+00:00,0.0715,0.9285,0.071,0.072,0.001,0.071,-0.001,-0.0125,12642.303319,7764557.007401699,152741.70183,0.8448712828039757,32338220190071351435772801779725302244575775216413325951443816017994629993401,True,False,2026-04-06T19:12:25.496315+00:00
559652,Will Gavin Newsom win the 2028 Democratic presidential nomination?,2028-11-07 00:00:00+00:00,0.2415,0.7585,0.241,0.242,0.001,0.242,,,329182.68726800004,19501705.1816117,793058.98935,0.9373632767783012,54533043819946592547517511176940999955633860128497669742211153063842200957669,True,True,2026-04-06T19:12:25.496315+00:00
559653,Will Alexandria Ocasio-Cortez win the 2028 Democratic presidential nomination?,2028-11-07 00:00:00+00:00,0.0785,0.9215,0.078,0.079,0.001,0.079,,-0.0035,387844.723487,9037464.736745173,480943.50638,0.8491398955855127,107064985435494333113391038470401719113272800530429703182710416066774068907304,True,True,2026-04-06T19:12:25.496315+00:00
559654,Will Pete Buttigieg win the 2028 Democratic presidential nomination?,2028-11-07 00:00:00+00:00,0.037,0.963,0.036,0.038,0.002,0.037,-0.0015,0.001,14923.336078,9792794.065465616,469477.08358,0.8234729312095417,91031279171981959197361710127213577102576826515163085396576756946418341946256,True,True,2026-04-06T19:12:25.496315+00:00
559655,Will Josh Shapiro win the 2028 Democratic presidential nomination?,2028-11-07 00:00:00+00:00,0.0375,0.9625,0.037,0.038,0.001,0.039,0.002,,131705.21434600002,6363505.179955369,463882.55863,0.8237868451538164,71169839497420596285841847514123589847893415750912355173877524195175834054354,True,True,2026-04-06T19:12:25.496315+00:00
559656,Will Wes Moore win the 2028 Democratic presidential nomination?,2028-11-07 00:00:00+00:00,0.0125,0.9875,0.012,0.013,0.001,0.012,,-0.003,29412.6801,13896151.176257972,640019.09944,0.8079787905567479,90227223115596293448966158151606153337847900483048338623540402385929720677904,True,True,2026-04-06T19:12:25.496315+00:00
559657,Will Stephen A. Smith win the 2028 Democratic presidential nomination?,2028-11-07 00:00:00+00:00,0.0185,0.9815,0.018,0.019,0.001,0.019,0.0025,0.008,452633.99137500004,16316944.234068457,380820.96211,0.8117922566789701,60590045489347122735554346200880179420435533609307820342798544098823516727807,True,True,2026-04-06T19:12:25.496315+00:00
559658,Will Kamala Harris win the 2028 Democratic presidential nomination?,2028-11-07 00:00:00+00:00,0.0425,0.9575,0.042,0.043,0.001,0.042,0.0005,-0.001,12792.173473,9161906.967357952,349752.4668,0.8269203934073772,38171024903091354977195167437673496224420673639143973968032407064172828043588,True,True,2026-04-06T19:12:25.496315+00:00
559659,Will Gretchen Whitmer win the 2028 Democratic presidential nomination?,2028-11-07 00:00:00+00:00,0.0125,0.9875,0.012,0.013,0.001,0.012,,-0.001,28162.080542999996,7490542.337059056,611943.39527,0.8079787905567479,57761428076807364758801249497410455358987881775226117256631754592198558850468,True,True,2026-04-06T19:12:25.496315+00:00
559660,Will Andy Beshear win the 2028 Democratic presidential nomination?,2028-11-07 00:00:00+00:00,0.021,0.979,0.02,0.022,0.002,0.021,0.0005,-0.0005,185520.94488499998,8054933.965524863,623601.17229,0.8133777871406599,26468656392978559668331516709623917078428425933265692717836103090220693717685,True,True,2026-04-06T19:12:25.496315+00:00
559661,Will Jon Ossoff win the 2028 Democratic presidential nomination?,2028-11-07 00:00:00+00:00,0.066,0.934,0.065,0.067,0.002,0.067,-0.0055,0.0105,7962.156247999999,7442779.626595941,319327.90135,0.8414986754810848,70071592420137476676935286377781779672157004436137616627487590484756055232944,True,True,2026-04-06T19:12:25.496315+00:00
559662,Will Mark Cuban win the 2028 Democratic presidential nomination?,2028-11-07 00:00:00+00:00,0.0105,0.9895,0.01,0.011,0.001,0.01,,,4217.0127,18118165.080647636,1152735.96241,0.8067051720490372,58378309871183461257693288827678410871907006920578755035402846056315798427503,True,True,2026-04-06T19:12:25.496315+00:00
559663,Will J.B. Pritzker win the 2028 Democratic presidential nomination?,2028-11-07 00:00:00+00:00,0.0215,0.9785,0.021,0.022,0.001,0.022,,-0.001,7866.079765999999,12965136.438310007,381682.36769,0.8136946435905578,103988345069738240821107916249290759786442703283901164377120414690701074137717,True,True,2026-04-06T19:12:25.496315+00:00
559664,Will Raphael Warnock win the 2028 Democratic presidential nomination?,2028-11-07 00:00:00+00:00,0.0075,0.9925,0.007,0.008,0.001,0.008,,0.002,32483.399709999998,26453348.861737624,893168.95458,0.8047925395731582,52310257194926233099477326083312959938983447523839326865869372741334281264830,True,True,2026-04-06T19:12:25.496315+00:00
559665,Will Cory Booker win the 2028 Democratic presidential nomination?,2028-11-07 00:00:00+00:00,0.0105,0.9895,0.01,0.011,0.001,0.01,,,7180.784426000001,21636425.04516993,1184823.12223,0.8067051720490372,50887272939612765629559172143901565817521391945540156085421963433918821328137,True,True,2026-04-06T19:12:25.496315+00:00
559666,Will Tim Walz win the 2028 Democratic presidential nomination?,2028-11-07 00:00:00+00:00,0.0075,0.9925,0.007,0.008,0.001,0.008,,0.001,37230.682133,37366650.223644726,1286645.81144,0.8047925395731582,104464678880204778606895232389511543522030897731392516718349574106843434770446,True,True,2026-04-06T19:12:25.496315+00:00
559667,Will Michelle Obama win the 2028 Democratic presidential nomination?,2028-11-07 00:00:00+00:00,0.0125,0.9875,0.012,0.013,0.001,0.012,,,12815.616125,22148103.8875261,1166070.42192,0.8079787905567479,83723134981785004242996949681785273460678873813693556756054904164484296299719,True,True,2026-04-06T19:12:25.496315+00:00
559668,Will Mark Kelly win the 2028 Democratic presidential nomination?,2028-11-07 00:00:00+00:00,0.0175,0.9825,0.017,0.018,0.001,0.018,0.0005,-0.001,245079.65242699996,12322931.8678215,341161.46061,0.8111574710137947,92325249719485031139867422012514654102580961954747753469470405147070256604118,True,True,2026-04-06T19:12:25.496315+00:00
559669,Will Rahm Emanuel win the 2028 Democratic presidential nomination?,2028-11-07 00:00:00+00:00,0.0085,0.9915,0.008,0.009,0.001,0.009,,-0.003,22882.560625,11370538.261313051,893282.60919,0.8054303726585385,10521981432803570450946212503203364998108630328528216082760514453664705157397,True,True,2026-04-06T19:12:25.496315+00:00
559670,Will Gina Raimondo win the 2028 Democratic presidential nomination?,2028-11-07 00:00:00+00:00,0.0065,0.9935,0.006,0.007,0.001,0.007,,-0.0005,111316.26313299999,28303726.160123695,1466549.11825,0.8041544225779221,35165603539035270209469650915267170915291414186795231160733227083640059691764,True,True,2026-04-06T19:12:25.496315+00:00
559671,Will Zohran Mamdani win the 2028 Democratic presidential nomination?,2028-11-07 00:00:00+00:00,0.0075,0.9925,0.007,0.008,0.001,0.008,,-0.001,124845.71922599999,33510689.491005644,1239046.25747,0.8047925395731582,19323997520040734631220675039559156784534982703459512097490198935565229528445,True,True,2026-04-06T19:12:25.496315+00:00
559672,Will Roy Cooper win the 2028 Democratic presidential nomination?,2028-11-07 00:00:00+00:00,0.0085,0.9915,0.008,0.009,0.001,0.009,,0.001,39802.84724999999,25906369.547912065,1269446.3088,0.8054303726585385,30732552320006664177902085971957467957450485111214036633872573588757974348601,True,True,2026-04-06T19:12:25.496315+00:00
559673,Will John Fetterman win the 2028 Democratic presidential nomination?,2028-11-07 00:00:00+00:00,0.0105,0.9895,0.01,0.011,0.001,0.01,0.001,0.001,86016.478864,17321962.973552305,823463.88345,0.8067051720490372,71289010523270989807437428651002770360280908813019627976988032260868574107425,True,True,2026-04-06T19:12:25.496315+00:00
559674,Will Jared Polis win the 2028 Democratic presidential nomination?,2028-11-07 00:00:00+00:00,0.0065,0.9935,0.006,0.007,0.001,0.006,,-0.001,251037.68820799992,20646764.291772284,640401.60556,0.8041544225779221,42119164854283656238382173699154739480090965550328051492328192273011556335098,True,True,2026-04-06T19:12:25.496315+00:00
559675,Will Jon Stewart win the 2028 Democratic presidential nomination?,2028-11-07 00:00:00+00:00,0.0225,0.9775,0.022,0.023,0.001,0.022,0.0005,,524544.635808,13669230.928258888,867318.45161,0.8143281029717886,58343456405874365460518182619380252930558598368174305791768670198253267891911,True,True,2026-04-06T19:12:25.496315+00:00
559676,Will Barack Obama win the 2028 Democratic presidential nomination?,2028-11-07 00:00:00+00:00,0.0075,0.9925,0.007,0.008,0.001,0.008,,0.001,522473.19584900007,27034904.329711813,1883657.99451,0.8047925395731582,88927218779847397120407909832537568114340511586397698395193736044476021744522,True,True,2026-04-06T19:12:25.496315+00:00
559677,Will Hillary Clinton win the 2028 Democratic presidential nomination?,2028-11-07 00:00:00+00:00,0.0075,0.9925,0.007,0.008,0.001,0.007,,,41727.27470700001,38322604.16672448,1654121.39599,0.8047925395731582,6349038249650226718426900942104344803413105653564595362433352811865798195800,True,True,2026-04-06T19:12:25.496315+00:00
559678,Will Liz Cheney win the 2028 Democratic presidential nomination?,2028-11-07 00:00:00+00:00,0.0085,0.9915,0.008,0.009,0.001,0.009,,0.001,37342.357986,33808318.838522784,1063496.71683,0.8054303726585385,41340056280794024415573839406074658402877379128871144681466050648033201160259,True,True,2026-04-06T19:12:25.496315+00:00
559679,Will Bernie Sanders win the 2028 Democratic presidential nomination?,2028-11-07 00:00:00+00:00,0.0055,0.9945,0.005,0.006,0.001,0.005,,,136901.48839800004,40450012.65983832,2245548.79763,0.8035160254240507,113510300123120868861281132282742729065975487298059944817273881893086209196585,True,True,2026-04-06T19:12:25.496315+00:00
559680,Will Phil Murphy win the 2028 Democratic presidential nomination?,2028-11-07 00:00:00+00:00,0.0065,0.9935,0.006,0.007,0.001,0.007,,,133873.86815699996,34634818.80904376,1707848.58801,0.8041544225779221,81633484456710374417231462107666791993850637546563366185897100962157481970040,True,True,2026-04-06T19:12:25.496315+00:00
559681,Will LeBron James win the 2028 Democratic presidential nomination?,2028-11-07 00:00:00+00:00,0.0075,0.9925,0.007,0.008,0.001,0.007,,,18406.778562999996,39083381.11092443,2034306.72445,0.8047925395731582,100561779829530520068956424581003844045516012444425572625523659025114550346085,True,True,2026-04-06T19:12:25.496315+00:00
559682,Will Hunter Biden win the 2028 Democratic presidential nomination?,2028-11-07 00:00:00+00:00,0.0065,0.9935,0.006,0.007,0.001,0.006,0.001,,317910.59124800016,32864311.076792642,1189540.99389,0.8041544225779221,11343337042526652606304508556838778144915122118685013460142819817079620240439,True,True,2026-04-06T19:12:25.496315+00:00
559683,Will George Clooney win the 2028 Democratic presidential nomination?,2028-11-07 00:00:00+00:00,0.0075,0.9925,0.007,0.008,0.001,0.007,,,9061.358989999999,37670950.863761306,722046.01991,0.8047925395731582,48218088132821386640274752564592889805082274744128282833036735027928992155024,True,True,2026-04-06T19:12:25.496315+00:00
559684,Will Chelsea Clinton win the 2028 Democratic presidential nomination?,2028-11-07 00:00:00+00:00,0.0085,0.9915,0.008,0.009,0.001,0.008,,,105584.993611,45014567.243425824,564946.43273,0.8054303726585385,46211769122513729244602558513001215391004042100934296321661285791281233261657,True,True,2026-04-06T19:12:25.496315+00:00
559685,Will MrBeast win the 2028 Democratic presidential nomination?,2028-11-07 00:00:00+00:00,0.0075,0.9925,0.007,0.008,0.001,0.007,,,12575.382279999998,35774346.09605564,1196336.5249,0.8047925395731582,51035537065442638321333063915918274102446051033989435618245745345113522914516,True,True,2026-04-06T19:12:25.496315+00:00
559686,Will Dwayne 'The Rock' Johnson win the 2028 Democratic presidential nomination?,2028-11-07 00:00:00+00:00,0.0105,0.9895,0.01,0.011,0.001,0.011,,,52950.4997,9369356.497047022,544280.42286,0.8067051720490372,40963724357262746498642320898188195118391211877976821531149510360187173789737,True,True,2026-04-06T19:12:25.496315+00:00
559687,Will Oprah Winfrey win the 2028 Democratic presidential nomination?,2028-11-07 00:00:00+00:00,0.0095,0.9905,0.009,0.01,0.001,0.009,,-0.001,11224.362433,44021520.24762351,944583.53311,0.806067918073675,2213957649161627793381994368131485505647723208738124952452819345058597751695,True,True,2026-04-06T19:12:25.496315+00:00
559688,Will Andrew Yang win the 2028 Democratic presidential nomination?,2028-11-07 00:00:00+00:00,0.0075,0.9925,0.007,0.008,0.001,0.007,,0.001,13603.16685,43042797.47359445,1204998.16198,0.8047925395731582,102504892414163237174864879683522880588750452841477290216845150938663289742135,True,True,2026-04-06T19:12:25.496315+00:00
559689,Will Beto O’Rourke win the 2028 Democratic presidential nomination?,2028-11-07 00:00:00+00:00,0.0065,0.9935,0.006,0.007,0.001,0.006,0.001,0.001,264660.67457900004,33158294.698862024,1212766.53685,0.8041544225779221,37126434962149084556522721025504254258386171468763869879755961635390358765833,True,True,2026-04-06T19:12:25.496315+00:00
559690,Will Kim Kardashian win the 2028 Democratic presidential nomination?,2028-11-07 00:00:00+00:00,0.0065,0.9935,0.006,0.007,0.001,0.007,,,179025.39116099998,33937044.14619158,1892943.92465,0.8041544225779221,55087250670040717711131370018408221134109122974378698780636020561523521220754,True,True,2026-04-06T19:12:25.496315+00:00
559691,Will Chris Murphy win the 2028 Democratic presidential nomination?,2028-11-07 00:00:00+00:00,0.0085,0.9915,0.008,0.009,0.001,0.008,,-0.0005,45174.402291000006,11628055.376806159,867433.6789,0.8054303726585385,8815924480259634499011776432080696931704057619336093802050596292915996723758,True,True,2026-04-06T19:12:25.496315+00:00
559692,Will Jasmine Crockett win the 2028 Democratic presidential nomination?,2028-11-07 00:00:00+00:00,0.0065,0.9935,0.006,0.007,0.001,0.006,,,158906.79610799998,24326945.196142603,1448241.8243,0.8041544225779221,22103094389913052942362639589409218272323168761614999702665821259175535456835,True,True,2026-04-06T19:12:25.496315+00:00
559693,Will Ruben Gallego win the 2028 Democratic presidential nomination?,2028-11-07 00:00:00+00:00,0.0125,0.9875,0.012,0.013,0.001,0.012,-0.001,-0.0045,30495.420360999997,3799709.020357007,277210.07347,0.8079787905567479,94658518227479141344875476648819337938746150529318297759951212169676959854478,True,True,2026-04-06T19:12:25.496315+00:00
559694,Will Ro Khanna win the 2028 Democratic presidential nomination?,2028-11-07 00:00:00+00:00,0.016,0.984,0.015,0.017,0.002,0.016,,0.0015,560918.3276429999,6357287.168747001,276387.32599,0.8102046901129101,20374050108659687356429749447884880983779889840007423115803042125707701269498,True,True,2026-04-06T19:12:25.496315+00:00
559695,Will James Talarico win the 2028 Democratic presidential nomination?,2028-11-07 00:00:00+00:00,0.0205,0.9795,0.02,0.021,0.001,0.02,-0.0025,-0.003,355161.596048,6113271.839555005,337714.68291,0.8130608468313291,52535923606561722941567320365820395300598958985353103429657683100920373025261,True,True,2026-04-06T19:12:25.496315+00:00
560317,"Putin out as President of Russia by December 31, 2026?",2026-12-31 18:30:00+00:00,0.105,0.895,0.1,0.11,0.01,0.1,,,55123.256466,3400301.918454976,339730.0121,0.865033195648883,350977769852917329387037893294763093471844346281449484439085576212613048126,True,False,2026-04-06T19:12:25.496315+00:00
561229,Will JD Vance win the 2028 US Presidential Election?,2028-11-07 00:00:00+00:00,0.1755,0.8245,0.175,0.176,0.001,0.176,,,73979.281331,9789843.62057387,771464.08049,0.9047315424021664,16040015440196279900485035793550429453516625694844857319147506590755961451627,True,True,2026-04-06T19:12:25.496315+00:00
561230,Will Gavin Newsom win the 2028 US Presidential Election?,2028-11-07 00:00:00+00:00,0.1695,0.8305,0.169,0.17,0.001,0.17,0.002,0.0025,466118.70936400007,10755508.368807057,422748.102,0.9015260808114456,98250445447699368679516529207365255018790721464590833209064266254238063117329,True,True,2026-04-06T19:12:25.496315+00:00
561231,Will Alexandria Ocasio-Cortez win the 2028 US Presidential Election?,2028-11-07 00:00:00+00:00,0.0535,0.9465,0.053,0.054,0.001,0.053,-0.0055,-0.007,42266.78073499997,10641896.733375862,439859.49929,0.8337764507762355,8113830512143065501177519557124858581375945005490796772950589720955457782465,True,True,2026-04-06T19:12:25.496315+00:00
561232,Will Pete Buttigieg win the 2028 US Presidential Election?,2028-11-07 00:00:00+00:00,0.0155,0.9845,0.015,0.016,0.001,0.016,,-0.003,110914.70211100002,3680373.419311977,516093.84825,0.8098869377587715,35629456194498013232473191985311930903993567273832459837879398120893197410860,True,True,2026-04-06T19:12:25.496315+00:00
561233,Will Josh Shapiro win the 2028 US Presidential Election?,2028-11-07 00:00:00+00:00,0.0215,0.9785,0.021,0.022,0.001,0.021,0.001,-0.0025,83523.14035300002,5521909.900862919,351246.4655,0.8136946435905578,1420113190297259908358916251277696183671602680024474979931472444792502392139,True,True,2026-04-06T19:12:25.496315+00:00
561234,Will Marco Rubio win the 2028 US Presidential Election?,2028-11-07 00:00:00+00:00,0.1025,0.8975,0.102,0.103,0.001,0.103,,0.0005,46535.01251800001,5584033.897900991,353799.47746,0.8635531975755744,11171618905857319805355893398009978356002287408842633593535559412449299952250,True,True,2026-04-06T19:12:25.496315+00:00
561235,Will Wes Moore win the 2028 US Presidential Election?,2028-11-07 00:00:00+00:00,0.0085,0.9915,0.008,0.009,0.001,0.009,,,22531.584041000002,5930073.368086238,1046547.52112,0.8054303726585385,35272507273162958827997790327967872292415567859334925862043618606081750011897,True,True,2026-04-06T19:12:25.496315+00:00
561236,Will Gretchen Whitmer win the 2028 US Presidential Election?,2028-11-07 00:00:00+00:00,0.0095,0.9905,0.009,0.01,0.001,0.01,,-0.001,14488.741325,7930385.197280913,880588.0467,0.806067918073675,4999047257294547885970323631312419427544062131054733229841947946130772277335,True,True,2026-04-06T19:12:25.496315+00:00
561237,Will Andy Beshear win the 2028 US Presidential Election?,2028-11-07 00:00:00+00:00,0.0125,0.9875,0.012,0.013,0.001,0.013,-0.0015,-0.0065,375918.95768199995,16549656.159565046,434174.1786,0.8079787905567479,50507496430692162923857760920722624157737138256097150616293040054748564876552,True,True,2026-04-06T19:12:25.496315+00:00
561238,Will Glenn Youngkin win the 2028 US Presidential Election?,2028-11-07 00:00:00+00:00,0.0065,0.9935,0.006,0.007,0.001,0.007,,,22381.492825,20175414.44635096,830672.57255,0.8041544225779221,631059815958854406224163480574507434200946764542129005247984171366597476420,True,True,2026-04-06T19:12:25.496315+00:00
561239,Will Kamala Harris win the 2028 US Presidential Election?,2028-11-07 00:00:00+00:00,0.0305,0.9695,0.03,0.031,0.001,0.031,0.001,-0.001,19704.944847999996,6709218.168468031,275182.12304,0.8193831642570315,70663352401606372246362604193214664065595751757222752105245221905399175050480,True,True,2026-04-06T19:12:25.496315+00:00
561240,Will Stephen Smith win the 2028 US Presidential Election?,2028-11-07 00:00:00+00:00,0.0075,0.9925,0.007,0.008,0.001,0.008,,0.001,32205.542415999993,29238197.07272107,765586.29394,0.8047925395731582,105367778020161609482094090847463497982204321259381518614669619753184648647559,True,True,2026-04-06T19:12:25.496315+00:00
561241,Will JB Pritzker win the 2028 US Presidential Election?,2028-11-07 00:00:00+00:00,0.0135,0.9865,0.013,0.014,0.001,0.013,,-0.001,14080.011543999999,10528398.464366972,388495.06121,0.8086151475045429,70948731404464821824516595498024506131170394300814446118501620719416471444076,True,True,2026-04-06T19:12:25.496315+00:00
561242,Will Tulsi Gabbard win the 2028 US Presidential Election?,2028-11-07 00:00:00+00:00,0.0065,0.9935,0.006,0.007,0.001,0.007,,,21857.863799,27539181.87574013,1082670.07024,0.8041544225779221,97633418272282627828834872960145259034624388719803091466146359304286851612172,True,True,2026-04-06T19:12:25.496315+00:00
561243,Will Donald Trump win the 2028 US Presidential Election?,2028-11-07 00:00:00+00:00,0.0195,0.9805,0.019,0.02,0.001,0.02,-0.003,-0.0045,15950.97713,6756064.113321154,513034.75226,0.8124267165713318,11807691644868166983390207408868795383945915035851758101409310535538572683733,True,True,2026-04-06T19:12:25.496315+00:00
561244,Will Donald Trump Jr. win the 2028 US Presidential Election?,2028-11-07 00:00:00+00:00,0.0085,0.9915,0.008,0.009,0.001,0.009,,,35757.123841,8809190.710355941,1066275.79145,0.8054303726585385,77660944053451874285291959901958937238149180369572698706675030657716494119346,True,True,2026-04-06T19:12:25.496315+00:00
561245,Will Nikki Haley win the 2028 US Presidential Election?,2028-11-07 00:00:00+00:00,0.0075,0.9925,0.007,0.008,0.001,0.008,,-0.001,17824.544564,21445480.14535972,1451325.12991,0.8047925395731582,14253956839582698877884742930225331487593177635330318923853046874994118249367,True,True,2026-04-06T19:12:25.496315+00:00
561246,Will Ron DeSantis win the 2028 US Presidential Election?,2028-11-07 00:00:00+00:00,0.0155,0.9845,0.015,0.016,0.001,0.015,,-0.001,241644.467573,6245321.79063004,334416.48231,0.8098869377587715,104480514270625615787868282411330496385404675495672110015326625654626015018993,True,True,2026-04-06T19:12:25.496315+00:00
561247,Will Tim Walz win the 2028 US Presidential Election?,2028-11-07 00:00:00+00:00,0.0065,0.9935,0.006,0.007,0.001,0.006,,,38035.22813299999,38982512.3098301,1745544.4528,0.8041544225779221,2638997461401140008448476093092229850740161649668999975101243681118238509713,True,True,2026-04-06T19:12:25.496315+00:00
561248,Will Vivek Ramaswamy win the 2028 US Presidential Election?,2028-11-07 00:00:00+00:00,0.0065,0.9935,0.006,0.007,0.001,0.007,,0.0005,268519.24251,30064978.003749203,1291164.43183,0.8041544225779221,48067717079255656974334181122173546721823870434119599450595298250019538972254,True,True,2026-04-06T19:12:25.496315+00:00
561249,Will Greg Abbott win the 2028 US Presidential Election?,2028-11-07 00:00:00+00:00,0.0095,0.9905,0.009,0.01,0.001,0.009,,,17377.740549000002,31614196.014002744,1493411.48702,0.806067918073675,58585097107933138034126275600204468509993701936571284309823871593297754181479,True,True,2026-04-06T19:12:25.496315+00:00
561250,Will Elon Musk win the 2028 US Presidential Election?,2028-11-07 00:00:00+00:00,0.0095,0.9905,0.009,0.01,0.001,0.01,,0.001,28462.974096000005,22282210.8719413,1146922.22321,0.806067918073675,26641906520532802078452346454133721131611596169940893262820937050881742190686,True,True,2026-04-06T19:12:25.496315+00:00
561251,Will LeBron James win the 2028 US Presidential Election?,2028-11-07 00:00:00+00:00,0.0055,0.9945,0.005,0.006,0.001,0.005,,0.001,87441.08486600003,43953365.80620214,1491085.85664,0.8035160254240507,39223330966352513418907732239455948906399882924787587183466504819170775983376,True,True,2026-04-06T19:12:25.496315+00:00
561252,Will Dwayne 'The Rock' Johnson win the 2028 US Presidential Election?,2028-11-07 00:00:00+00:00,0.0125,0.9875,0.012,0.013,0.001,0.012,,-0.001,20894.77333,5860471.178118004,367193.76728,0.8079787905567479,76252402837334795047528042167618984089231134882494719641438604550246396692717,True,True,2026-04-06T19:12:25.496315+00:00
561253,Will Tucker Carlson win the 2028 US Presidential Election?,2028-11-07 00:00:00+00:00,0.0265,0.9735,0.026,0.027,0.001,0.026,,-0.004,21127.16818099999,9653142.9513892,254925.09157,0.8168584888648914,45015916581148592087728250896178171120552786117190685135618507471166113474733,True,True,2026-04-06T19:12:25.496315+00:00
561254,Will Kim Kardashian win the 2028 US Presidential Election?,2028-11-07 00:00:00+00:00,0.0055,0.9945,0.005,0.006,0.001,0.005,0.001,,452514.0470000001,30760069.744705893,906479.56755,0.8035160254240507,24863363384036117015867671383779186335047493791693657275104567365292353535818,True,True,2026-04-06T19:12:25.496315+00:00
561255,Will Ivanka Trump win the 2028 US Presidential Election?,2028-11-07 00:00:00+00:00,0.0085,0.9915,0.008,0.009,0.001,0.009,,-0.002,13306.161097000002,4257300.638432007,564259.3158,0.8054303726585385,40932864651005132434669457369564353816786330205469778285035893634458129671101,True,True,2026-04-06T19:12:25.496315+00:00
561256,Will Zohran Mamdani win the 2028 US Presidential Election?,2028-11-07 00:00:00+00:00,0.0065,0.9935,0.006,0.007,0.001,0.006,,,50521.339657000004,16797131.25462738,990332.94566,0.8041544225779221,94621929236241392639802280031607240386237812521756048982107414565863464212526,True,True,2026-04-06T19:12:25.496315+00:00
561257,Will Michelle Obama win the 2028 US Presidential Election?,2028-11-07 00:00:00+00:00,0.01,0.99,0.009,0.011,0.002,0.01,,-0.0005,2307.16912,13460225.766822243,1489140.87759,0.8063865817272801,88521269813605705303364598280494261510300497312149869577251450871617962933121,True,True,2026-04-06T19:12:25.496315+00:00
561258,Will Jamie Dimon win the 2028 US Presidential Election?,2028-11-07 00:00:00+00:00,0.0095,0.9905,0.009,0.01,0.001,0.009,,-0.001,23618.869155,7441714.477646997,626246.53625,0.806067918073675,23692929455124171734375794579007643086071570310019729232490607671061438183936,True,True,2026-04-06T19:12:25.496315+00:00
561259,Will Ro Khanna win the 2028 US Presidential Election?,2028-11-07 00:00:00+00:00,0.0085,0.9915,0.008,0.009,0.001,0.009,,,28232.669400999996,6373807.777980193,1275308.01796,0.8054303726585385,45264462342307496826883801236629887275526404999716050689931105511159370296978,True,True,2026-04-06T19:12:25.496315+00:00
561260,Will Thomas Massie win the 2028 US Presidential Election?,2028-11-07 00:00:00+00:00,0.0095,0.9905,0.009,0.01,0.001,0.009,0.001,0.001,11564.745361,3584734.3317910093,732954.98711,0.806067918073675,89071282556584199015490241074221756662667488270789034763702585258138302536112,True,True,2026-04-06T19:12:25.496315+00:00
561261,Will Jon Ossoff win the 2028 US Presidential Election?,2028-11-07 00:00:00+00:00,0.0405,0.9595,0.04,0.041,0.001,0.04,-0.001,0.007,15383.289639000002,3265168.729962993,498030.0159,0.8256682081204055,110102705199530588976777616718115948005824665233400132417374621750887344831757,True,True,2026-04-06T19:12:25.496315+00:00
561262,Will James Talarico win the 2028 US Presidential Election?,2028-11-07 00:00:00+00:00,0.0135,0.9865,0.013,0.014,0.001,0.013,,-0.001,5213.504382,3893341.0594540033,475039.66927,0.8086151475045429,92909595831677784305960426832337551335132297174712723670055008600724483830120,True,True,2026-04-06T19:12:25.496315+00:00
561263,Will Eric Trump win the 2028 US Presidential Election?,2028-11-07 00:00:00+00:00,0.0055,0.9945,0.005,0.006,0.001,0.005,,,107722.74326599998,5869421.495560993,1515853.52982,0.8035160254240507,67028631656597977031363620447645908995417871899828777750494099295092202422178,True,True,2026-04-06T19:12:25.496315+00:00
561264,Will Pete Hegseth win the 2028 US Presidential Election?,2028-11-07 00:00:00+00:00,0.0055,0.9945,0.005,0.006,0.001,0.006,,,257052.44106600012,2864965.3966139634,964187.38933,0.8035160254240507,19127703543758281171764934244436807153695715307017908811054254126168591609122,True,True,2026-04-06T19:12:25.496315+00:00
561365,Will Cooper Flagg win the 2025–26 NBA Rookie of the Year award?,2026-05-18 00:00:00+00:00,0.651,0.349,0.645,0.657,0.012,0.657,0.389,0.356,64123.81070799999,427042.974730999,24468.0397,0.9777072959451545,85111524713956582520646495718683425629132278867496750899986579388014440159452,True,True,2026-04-06T19:12:25.496315+00:00
561366,Will Tre Johnson win the 2025–26 NBA Rookie of the Year award?,2026-05-18 00:00:00+00:00,0.0005,0.9995,,0.001,0.001,0.001,,,1875.0,129169.42814399982,15531.50297,0.8003199679231757,102392556265434728216101472364668383473620374340120864121726043987514470889179,True,True,2026-04-06T19:12:25.496315+00:00
561367,Will Ace Bailey win the 2025–26 NBA Rookie of the Year award?,2026-05-18 00:00:00+00:00,0.0005,0.9995,,0.001,0.001,0.001,,,,116959.945288,12585.46738,0.8003199679231757,110209164423325117235017336730981872113614226005617926226957592243538391830215,True,True,2026-04-06T19:12:25.496315+00:00
561368,Will Dylan Harper win the 2025–26 NBA Rookie of the Year award?,2026-05-18 00:00:00+00:00,0.0005,0.9995,,0.001,0.001,0.001,,,1000.0,181329.759093,10146.3623,0.8003199679231757,37493346105097294696484027941613411290089816986404152016244930052146362274673,True,True,2026-04-06T19:12:25.496315+00:00
561369,Will V.J. Edgecombe win the 2025–26 NBA Rookie of the Year award?,2026-05-18 00:00:00+00:00,0.0005,0.9995,,0.001,0.001,0.001,,,1000.0,269958.84211800003,41084.59533,0.8003199679231757,114280618327620429841867717424654380516570687523231010673344216347759775334754,True,True,2026-04-06T19:12:25.496315+00:00
561370,Will Kon Knueppel win the 2025–26 NBA Rookie of the Year award?,2026-05-18 00:00:00+00:00,0.3175,0.6825,0.306,0.329,0.023,0.329,-0.3855,-0.3765,27259.125271999997,714645.6510340002,20835.7645,0.9677673003526303,55646857661101414185895868270484735308265524878160019913167868460915119945202,True,True,2026-04-06T19:12:25.496315+00:00
